use inmobilaria;
# Inserccion de empleado
INSERT INTO empleado(idEmpleado,Dni,Nombre,Direccion,FechaNacimiento,Telefono,Usuario)
	VALUES('1','E2000000RGG','Roberta Gamboa Galindo','Blvd. Benito Juarez s/n, La Piragua Tuxtepec','1956-04-01','2293684040','RobertaGamboa');
INSERT INTO empleado(idEmpleado,Dni,Nombre,Direccion,FechaNacimiento,Telefono,Usuario)
	VALUES('2','E2000001IJJ','Iginio Juarez Juarez','Matamoros no 149, Centro Tuxtepec','1978-04-02','2293684041','IginioJuarez');
INSERT INTO empleado(idEmpleado,Dni,Nombre,Direccion,FechaNacimiento,Telefono,Usuario)
	VALUES('3','E2000002GAG','Guillermo Alarcon Gamboa','Av. 5 de Mayo no 1100-a, Centro Tuxtepec','1980-03-03','2293684042','GuillermoAlarcon');
INSERT INTO empleado(idEmpleado,Dni,Nombre,Direccion,FechaNacimiento,Telefono,Usuario)
	VALUES('4','E2000003IVT','Isabela Velazquez Tontle','Av. 20 de Noviembre no 1540, La Piragua Tuxtepec','1982-03-04','2293684043','IsabelaVelazquez');
INSERT INTO empleado(idEmpleado,Dni,Nombre,Direccion,FechaNacimiento,Telefono,Usuario)
	VALUES('5','E2000004ITA','Irma Trejo Aguilar','Av. 5 de Mayo no 1253, Centro Tuxtepec','1983-04-05','2293684044','IrmaTrejo');
INSERT INTO empleado(idEmpleado,Dni,Nombre,Direccion,FechaNacimiento,Telefono,Usuario)
	VALUES('6','E2000005AGP','Angelina Gutierrez Popo','Calle Ocampo no 14, Centro Tuxtepec','1984-04-06','2293684045','AngelinaGutierrez');
INSERT INTO empleado(idEmpleado,Dni,Nombre,Direccion,FechaNacimiento,Telefono,Usuario)
	VALUES('7','E2000006LGG','Liliana Gutierrez Galindo','Blvd. Benito Juarez esq. 20 de Noviembre s/n, Centro Tuxtepec','1985-04-07','2293684046','LilianaGutierrez');
INSERT INTO empleado(idEmpleado,Dni,Nombre,Direccion,FechaNacimiento,Telefono,Usuario)
	VALUES('8','E2000007BGT','Berenice Gutierrez Trujillo','Calle Aldama no 156, Centro Tuxtepec','1986-07-03','2293684047','BereniceGutierrez');
INSERT INTO empleado(idEmpleado,Dni,Nombre,Direccion,FechaNacimiento,Telefono,Usuario)
	VALUES('9','E2000008SSF','Sofia Solano Flores','Av. Independencia no 145, Centro Tuxtepec','1973-10-23','2293684048','SofiaSolano');
INSERT INTO empleado(idEmpleado,Dni,Nombre,Direccion,FechaNacimiento,Telefono,Usuario)
	VALUES('10','E2000009JDC','Jonathan Diaz Camarillo','Av. 20 de Noviembre no 1046, Centro Tuxtepec','1988-07-10','2293684049','JonathanDiaz');
INSERT INTO empleado(idEmpleado,Dni,Nombre,Direccion,FechaNacimiento,Telefono,Usuario)
	VALUES('11','E2000010JDC','Jeovanni Diaz Camarillo','Calle Ignacio Rayon no.949, Col. Lazaro Cardenas','1983-10-30','2293684050','JeovanniDiaz');
    
#INSERCCION DE CLIENTES 
INSERT INTO cliente (idCliente,Nombre,Direccion,Telefono,Dni) 
	VALUES ('1','Adelaido Juarez Perez','Calle Agustin Lara no. 69-b Col. Ex-normal Tuxtepec', 2291599400, 'C2000000AJP');
INSERT INTO cliente (idCliente,Nombre,Direccion,Telefono,Dni) 
	VALUES ('2','Javier Ortega Martinez','Av. Independencia no. 241	Col. Centro Tuxtepec', 2291599401, 'C2000001JOM');
INSERT INTO cliente (idCliente,Nombre,Direccion,Telefono,Dni) 
	VALUES ('3','Ruben Trejo Aguilar','Av. Independencia no. 779 Col. Centro Tuxtepec', 2291599402, 'C2000002RTA');
INSERT INTO cliente (idCliente,Nombre,Direccion,Telefono,Dni) 
	VALUES ('4','Ruben Alberto Trejo Mota','Av. 20 de Noviembre no.1024	Col.Centro', 2291599403, 'C2000003RTM');
INSERT INTO cliente (idCliente,Nombre,Direccion,Telefono,Dni) 
	VALUES ('5','Alan Trejo Gomez','Carretera a Loma Alta s/n. Lomas del Pedregal Tuxtepec', 2291599404, 'C2000004ATG');
INSERT INTO cliente (idCliente,Nombre,Direccion,Telefono,Dni) 
	VALUES ('6','Danna Trejo Gomez','Av. 20 de Noviembre no. 1060	Col. Centro Tuxtepec', 2291599405, 'C2000005DTG');
INSERT INTO cliente (idCliente,Nombre,Direccion,Telefono,Dni) 
	VALUES ('7','Ricardo Trinidad Mota','Calle Zaragoza no. 1010	Col. la piragua Tuxtepec', 2291599406, 'C2000006RTM');
INSERT INTO cliente (idCliente,Nombre,Direccion,Telefono,Dni) 
	VALUES ('8','Sirenia Mota Segovia','Calle Matamoros no. 310	Col. Centro Tuxtepec', 2291599407, 'C2000007SMS');
INSERT INTO cliente (idCliente,Nombre,Direccion,Telefono,Dni) 
	VALUES ('9','Toribio Alarcon Cabrera','Av. 20 de Noviembre no.859-b	Col. Centro', 2291599408, 'C2000008TAC');
INSERT INTO cliente (idCliente,Nombre,Direccion,Telefono,Dni) 
	VALUES ('10','Blandina Caballero Dalpiva','Av. 20 de Noviembre no 1053	Col. Centro Tuxtepec', 2291599409, 'C2000009BCD');
INSERT INTO cliente (idCliente,Nombre,Direccion,Telefono,Dni) 
	VALUES ('11','Mariana Alarcon Caballero','CALLE MATAMOROS NO. 310 COL. CENTRO TUXTEPEC', 2291599410, 'C2000010MAC');
INSERT INTO cliente (idCliente,Nombre,Direccion,Telefono,Dni) 
	VALUES ('12','Marcos Fernandez Ameca','Blvd. Benito Juarez no. 1466-a Fracc. los Angeles Tuxtepec', 2291599411, 'C2000011MFA');
INSERT INTO cliente (idCliente,Nombre,Direccion,Telefono,Dni) 
	VALUES ('13','Araceli Flores Mafara','Av. Independencia no. 545	Col. Centro Tuxtepec', 2291599403, 'C2000003RTM');
INSERT INTO cliente (idCliente,Nombre,Direccion,Telefono,Dni) 
	VALUES ('14','Lizbeth Mora Vazquez','Av. Independencia no. 1282-a	Col.Centro Tuxtepec', 2291599404, 'C2000004ATG');
INSERT INTO cliente (idCliente,Nombre,Direccion,Telefono,Dni) 
	VALUES ('15','Ezequiel Ponce Mora','Calle Matamoros no. 127	Col. Centro Tuxtepec', 2291599405, 'C2000005DTG');
INSERT INTO cliente (idCliente,Nombre,Direccion,Telefono,Dni) 
	VALUES ('16','Hector Trujillo Varela','Av. Independencia no.1010 Col.Centro Tuxtepec.', 2291599406, 'C2000006RTM');
INSERT INTO cliente (idCliente,Nombre,Direccion,Telefono,Dni) 
	VALUES ('17','Samantha Vela Ramirez','Av. 5 de Mayo no. 1652 La Piragua', 2291599407, 'C2000007SMS');
INSERT INTO cliente (idCliente,Nombre,Direccion,Telefono,Dni) 
	VALUES ('18','Nadia Garcia Casas','Av. 5 de Mayo no. 1108 Col. Centro Tuxtepec', 2291599408, 'C2000008TAC');
INSERT INTO cliente (idCliente,Nombre,Direccion,Telefono,Dni) 
	VALUES ('19','Beatriz Tadeo Pavon','Av. Independencia no. 748 Col. Centro Tuxtepec', 2291599409, 'C2000009BCD');
INSERT INTO cliente (idCliente,Nombre,Direccion,Telefono,Dni) 
	VALUES ('20','Jesica Moran Diaz','Av. Independencia no. 985-a Col. Centro tuxtepec', 2291599410, 'C2000010MAC');
INSERT INTO cliente (idCliente,Nombre,Direccion,Telefono,Dni) 
	VALUES ('21','Andres Hernandez Huerta','Av. Independencia no. 985-a, Centro, Veracruz', 2291599411, 'C2000011MFA');
    
#Inserccion propiedad
INSERT INTO propiedad(idPropiedad,Direccion,Tipo,Tamaño,Precio,PrecioAlquiler,idEmpleado)
	VALUES('1','Calle Ignacio Rayon no.934, Col.Lazaro Cardenas','Apartamento','6900m^2',1405450.00,14000.00,'1');
INSERT INTO propiedad(idPropiedad,Direccion,Tipo,Tamaño,Precio,PrecioAlquiler,idEmpleado)
	VALUES('2','Av. 20 de Nov. no. 881 esq. Aldama, Col.Centro Tuxtepec.','Apartamento','614m^2','700,000.00','8,000.00','2');
INSERT INTO propiedad(idPropiedad,Direccion,Tipo,Tamaño,Precio,PrecioAlquiler,idEmpleado)
	VALUES('3','Av. 20 de Noviembre no. 1178, Col.Centro','Apartamento','630m^2','1,800,000.00','14,000.000','3');
INSERT INTO propiedad(idPropiedad,Direccion,Tipo,Tamaño,Precio,PrecioAlquiler,idEmpleado)
	VALUES('4','Av. 5 de Mayo no. 1226, Col.Centro Tuxtepec','Apartamento','480m^2','1,600,000.00','18,000.00','4');
INSERT INTO propiedad(idPropiedad,Direccion,Tipo,Tamaño,Precio,PrecioAlquiler,idEmpleado)
	VALUES('5','Av. Independencia s/n ext. del Mercado Central esq. Benito Juarez, Centro Tuxtepec','Casa','2000m^2','2,500,000.00','15,000.00','5');
INSERT INTO propiedad(idPropiedad,Direccion,Tipo,Tamaño,Precio,PrecioAlquiler,idEmpleado)
	VALUES('6','Matamoros no 85 esq. 20 de Noviembre, Centro Tuxtepec','Casa','23500m^2','19,000,000.00','45,000.00','6');
INSERT INTO propiedad(idPropiedad,Direccion,Tipo,Tamaño,Precio,PrecioAlquiler,idEmpleado)
	VALUES('7','Av. 20 de Noviembre no 1320	Centro Tuxtepec','Casa','300m^2','1,100,000.00','9,000.00','7');
INSERT INTO propiedad(idPropiedad,Direccion,Tipo,Tamaño,Precio,PrecioAlquiler,idEmpleado)
	VALUES('8','Calle Ocampo no. 254, Col.Centro Tuxtepec','Apartamento','700m^2','1,700,000.00','10,000.00','8');
INSERT INTO propiedad(idPropiedad,Direccion,Tipo,Tamaño,Precio,PrecioAlquiler,idEmpleado)
	VALUES('9','Av.Independencia no. 678, Col. Centro','Casa','9000m^2','9,000,000.00','14,000.00','9');
INSERT INTO propiedad(idPropiedad,Direccion,Tipo,Tamaño,Precio,PrecioAlquiler,idEmpleado)
	VALUES('10','av. Independencia n0.677, Col. La Piragua Tuxtepec','Apartamento','3700m^2','3,700,000.00','18,000.00','10');
INSERT INTO propiedad(idPropiedad,Direccion,Tipo,Tamaño,Precio,PrecioAlquiler,idEmpleado)
	VALUES('11','Calle Morelos no. 72-b, Col. Centro Tuxtepec','Apartamento','5000m^2','5,000,000.00','25,000.00','11');
INSERT INTO propiedad(idPropiedad,Direccion,Tipo,Tamaño,Precio,PrecioAlquiler,idEmpleado)
	VALUES('12','Calle Aldama no.50, Col.Centro Tuxtepec','Casa','9590m^2','9,590,000.00','24,000.00','1');
INSERT INTO propiedad(idPropiedad,Direccion,Tipo,Tamaño,Precio,PrecioAlquiler,idEmpleado)
	VALUES('13','Calle Ignacio Matias no.6, Col.Ma. Luisa','Casa','780m^2','7,800,000.00','20,000.00','2');
INSERT INTO propiedad(idPropiedad,Direccion,Tipo,Tamaño,Precio,PrecioAlquiler,idEmpleado)
	VALUES('14','Av. Independencia no. 670, Col. Centro','Casa','6790m^2','6,790,000.00','19,000.00','3');
INSERT INTO propiedad(idPropiedad,Direccion,Tipo,Tamaño,Precio,PrecioAlquiler,idEmpleado)
	VALUES('15','Prol.5 de Mayo no.786, Col.5 de Mayo Tuxtepec','Apartamento','1700m^2','1,700,000.00','10,000.00','4');
INSERT INTO propiedad(idPropiedad,Direccion,Tipo,Tamaño,Precio,PrecioAlquiler,idEmpleado)
	VALUES('16','Av. Libertad no. 495, Col.Centro Tuxtepec','Apartamento','2402m^2','2,402,000.00','12,000.00','5');
INSERT INTO propiedad(idPropiedad,Direccion,Tipo,Tamaño,Precio,PrecioAlquiler,idEmpleado)
	VALUES('17','Av. 5 no. 1186 a, Fracc. Costa verde','Casa','7600m^2','7,600,000.00','25,000.00','6');
INSERT INTO propiedad(idPropiedad,Direccion,Tipo,Tamaño,Precio,PrecioAlquiler,idEmpleado)
	VALUES('18','Av. 5 no.1186-b, Fracc. Costa Verde','Casa','5803m^2','5,803,000.00','18,000.00','7');
INSERT INTO propiedad(idPropiedad,Direccion,Tipo,Tamaño,Precio,PrecioAlquiler,idEmpleado)
	VALUES('19','Av. 20 de Noviembre esq. Juarez, Col. Centro Tuxtepec.','Apartamento','2492m^2','2,492,000.00','13,000.00','8');
INSERT INTO propiedad(idPropiedad,Direccion,Tipo,Tamaño,Precio,PrecioAlquiler,idEmpleado)
	VALUES('20','Av. Independencia n0.670, Col. Centro Tuxtepec','Casa','180m^2','800,000.00','8,000.00','9');
INSERT INTO propiedad(idPropiedad,Direccion,Tipo,Tamaño,Precio,PrecioAlquiler,idEmpleado)
	VALUES('21','Calle Benito Juarez no.495, Col.Lazaro Cardenas.','Apartamento','150m^2','750,000.00','14,000.00','10');
INSERT INTO propiedad(idPropiedad,Direccion,Tipo,Tamaño,Precio,PrecioAlquiler,idEmpleado)
	VALUES('22','Av. Independencia 918, Centro, Veracruz','Casa','3500m^2','3,500,000.00','10,000.00','11');
INSERT INTO propiedad(idPropiedad,Direccion,Tipo,Tamaño,Precio,PrecioAlquiler,idEmpleado)
	VALUES('23','Av Independencia 565-a, Centro, Veracruz','Apartamento','150m^2','650,000.00','7,000.00','1');
INSERT INTO propiedad(idPropiedad,Direccion,Tipo,Tamaño,Precio,PrecioAlquiler,idEmpleado)
	VALUES('24','Calle Matamoros no. 325, Col.Centro Tuxtepec.Oax.','Casa','18000m^2','18,000,000.00','30,000.00','2');
INSERT INTO propiedad(idPropiedad,Direccion,Tipo,Tamaño,Precio,PrecioAlquiler,idEmpleado)
	VALUES('25','Calle Riva Palacios no. 465, Col. la Piragua Tuxtepec','Apartamento','35000m^2','35,000,000.00','50,000.00','3');
INSERT INTO propiedad(idPropiedad,Direccion,Tipo,Tamaño,Precio,PrecioAlquiler,idEmpleado)
	VALUES('26','Av. 20 de Noviembre no. 1291, Col. Centro Tuxtepec','Casa','4500m^2','4,500,000.00','15,000.00','4');
INSERT INTO propiedad(idPropiedad,Direccion,Tipo,Tamaño,Precio,PrecioAlquiler,idEmpleado)
	VALUES('27','5 de Mayo 1038, Centro, Veracruz','Apartamento','350m^2','800,000.00','9,000.00','5');
INSERT INTO propiedad(idPropiedad,Direccion,Tipo,Tamaño,Precio,PrecioAlquiler,idEmpleado)
	VALUES('28','Independencia 748, Centro, Veracruz','Casa','3500m^2','3,500,000.00','10,000.00','6');
INSERT INTO propiedad(idPropiedad,Direccion,Tipo,Tamaño,Precio,PrecioAlquiler,idEmpleado)
	VALUES('29','Av. 20 de Noviembre no. 963, Col. Centro Tuxtepec','Apartamento','230m^2','750,000.00','15,000.00','7');
INSERT INTO propiedad(idPropiedad,Direccion,Tipo,Tamaño,Precio,PrecioAlquiler,idEmpleado)
	VALUES('30','Av. Independencia no. 748, Col. Centro Tuxtepec','Casa','14500m^2','14,500,000.00','45,000.00','8');
    
#Inserccion Dueños de Propiedades 
INSERT INTO dueñospropiedad(idPropiedad,DniDueño) VALUES('1','C2000000AJP');
INSERT INTO dueñospropiedad(idPropiedad,DniDueño) VALUES('2','C2000001JOM');
INSERT INTO dueñospropiedad(idPropiedad,DniDueño) VALUES('3','C2000002RTA');
INSERT INTO dueñospropiedad(idPropiedad,DniDueño) VALUES('4','C2000003RTM');
INSERT INTO dueñospropiedad(idPropiedad,DniDueño) VALUES('5','C2000004ATG');
INSERT INTO dueñospropiedad(idPropiedad,DniDueño) VALUES('6','C2000005DTG');
INSERT INTO dueñospropiedad(idPropiedad,DniDueño) VALUES('7','C2000006RTM');
INSERT INTO dueñospropiedad(idPropiedad,DniDueño) VALUES('8','C2000007SMS');
INSERT INTO dueñospropiedad(idPropiedad,DniDueño) VALUES('9','C2000008TAC');
INSERT INTO dueñospropiedad(idPropiedad,DniDueño) VALUES('10','C2000009BCD');
INSERT INTO dueñospropiedad(idPropiedad,DniDueño) VALUES('11','C2000010MAC');