use inmobilaria;
# Inserccion de empleado
INSERT INTO empleado(idEmpleado,Dni,Nombre,Direccion,FechaNacimiento,Telefono,Usuario)
	VALUES('1','E2000000RGG','Roberta Gamboa Galindo','Blvd. Benito Juarez s/n, La Piragua Tuxtepec','1956-04-01',2293684040,'RobertaGamboa');
INSERT INTO empleado(idEmpleado,Dni,Nombre,Direccion,FechaNacimiento,Telefono,Usuario)
	VALUES('2','E2000001IJJ','Iginio Juarez Juarez','Matamoros no 149, Centro Tuxtepec','1978-04-02',2293684041,'IginioJuarez');
INSERT INTO empleado(idEmpleado,Dni,Nombre,Direccion,FechaNacimiento,Telefono,Usuario)
	VALUES('3','E2000002GAG','Guillermo Alarcon Gamboa','Av. 5 de Mayo no 1100-a, Centro Tuxtepec','1980-03-03',2293684042,'GuillermoAlarcon');
INSERT INTO empleado(idEmpleado,Dni,Nombre,Direccion,FechaNacimiento,Telefono,Usuario)
	VALUES('4','E2000003IVT','Isabela Velazquez Tontle','Av. 20 de Noviembre no 1540, La Piragua Tuxtepec','1982-03-04',2293684043,'IsabelaVelazquez');
INSERT INTO empleado(idEmpleado,Dni,Nombre,Direccion,FechaNacimiento,Telefono,Usuario)
	VALUES('5','E2000004ITA','Irma Trejo Aguilar','Av. 5 de Mayo no 1253, Centro Tuxtepec','1983-04-05',2293684044,'IrmaTrejo');
INSERT INTO empleado(idEmpleado,Dni,Nombre,Direccion,FechaNacimiento,Telefono,Usuario)
	VALUES('6','E2000005AGP','Angelina Gutierrez Popo','Calle Ocampo no 14, Centro Tuxtepec','1984-04-06',2293684045,'AngelinaGutierrez');
INSERT INTO empleado(idEmpleado,Dni,Nombre,Direccion,FechaNacimiento,Telefono,Usuario)
	VALUES('7','E2000006LGG','Liliana Gutierrez Galindo','Blvd. Benito Juarez esq. 20 de Noviembre s/n, Centro Tuxtepec','1985-04-07',2293684046,'LilianaGutierrez');
INSERT INTO empleado(idEmpleado,Dni,Nombre,Direccion,FechaNacimiento,Telefono,Usuario)
	VALUES('8','E2000007BGT','Berenice Gutierrez Trujillo','Calle Aldama no 156, Centro Tuxtepec','1986-07-03',2293684047,'BereniceGutierrez');
INSERT INTO empleado(idEmpleado,Dni,Nombre,Direccion,FechaNacimiento,Telefono,Usuario)
	VALUES('9','E2000008SSF','Sofia Solano Flores','Av. Independencia no 145, Centro Tuxtepec','1973-10-23',2293684048,'SofiaSolano');
INSERT INTO empleado(idEmpleado,Dni,Nombre,Direccion,FechaNacimiento,Telefono,Usuario)
	VALUES('10','E2000009JDC','Jonathan Diaz Camarillo','Av. 20 de Noviembre no 1046, Centro Tuxtepec','1988-07-10',2293684049,'JonathanDiaz');
INSERT INTO empleado(idEmpleado,Dni,Nombre,Direccion,FechaNacimiento,Telefono,Usuario)
	VALUES('11','E2000010JDC','Jeovanni Diaz Camarillo','Calle Ignacio Rayon no.949, Col. Lazaro Cardenas','1983-10-30',2293684050,'JeovanniDiaz');
    
#INSERCCION DE CLIENTES 
INSERT INTO cliente (idCliente,Nombre,Direccion,Telefono,Dni) 
	VALUES ('1','Adelaido Juarez Perez','Calle Agustin Lara no. 69-b Col. Ex-normal Tuxtepec', 2291599400, 'C2000000AJP');
INSERT INTO cliente (idCliente,Nombre,Direccion,Telefono,Dni) 
	VALUES ('2','Javier Ortega Martinez','Av. Independencia no. 241	Col. Centro Tuxtepec', 2291599401, 'C2000001JOM');
INSERT INTO cliente (idCliente,Nombre,Direccion,Telefono,Dni) 
	VALUES ('3','Ruben Trejo Aguilar','Av. Independencia no. 779 Col. Centro Tuxtepec', 2291599402, 'C2000002RTA');
INSERT INTO cliente (idCliente,Nombre,Direccion,Telefono,Dni) 
	VALUES ('4','Ruben Alberto Trejo Mota','Av. 20 de Noviembre no.1024	Col.Centro', 2291599403, 'C2000003RTM');
INSERT INTO cliente (idCliente,Nombre,Direccion,Telefono,Dni) 
	VALUES ('5','Alan Trejo Gomez','Carretera a Loma Alta s/n. Lomas del Pedregal Tuxtepec', 2291599404, 'C2000004ATG');
INSERT INTO cliente (idCliente,Nombre,Direccion,Telefono,Dni) 
	VALUES ('6','Danna Trejo Gomez','Av. 20 de Noviembre no. 1060	Col. Centro Tuxtepec', 2291599405, 'C2000005DTG');
INSERT INTO cliente (idCliente,Nombre,Direccion,Telefono,Dni) 
	VALUES ('7','Ricardo Trinidad Mota','Calle Zaragoza no. 1010	Col. la piragua Tuxtepec', 2291599406, 'C2000006RTM');
INSERT INTO cliente (idCliente,Nombre,Direccion,Telefono,Dni) 
	VALUES ('8','Sirenia Mota Segovia','Calle Matamoros no. 310	Col. Centro Tuxtepec', 2291599407, 'C2000007SMS');
INSERT INTO cliente (idCliente,Nombre,Direccion,Telefono,Dni) 
	VALUES ('9','Toribio Alarcon Cabrera','Av. 20 de Noviembre no.859-b	Col. Centro', 2291599408, 'C2000008TAC');
INSERT INTO cliente (idCliente,Nombre,Direccion,Telefono,Dni) 
	VALUES ('10','Blandina Caballero Dalpiva','Av. 20 de Noviembre no 1053	Col. Centro Tuxtepec', 2291599409, 'C2000009BCD');
INSERT INTO cliente (idCliente,Nombre,Direccion,Telefono,Dni) 
	VALUES ('11','Mariana Alarcon Caballero','CALLE MATAMOROS NO. 310 COL. CENTRO TUXTEPEC', 2291599410, 'C2000010MAC');
INSERT INTO cliente (idCliente,Nombre,Direccion,Telefono,Dni) 
	VALUES ('12','Marcos Fernandez Ameca','Blvd. Benito Juarez no. 1466-a Fracc. los Angeles Tuxtepec', 2291599411, 'C2000011MFA');
INSERT INTO cliente (idCliente,Nombre,Direccion,Telefono,Dni) 
	VALUES ('13','Araceli Flores Mafara','Av. Independencia no. 545	Col. Centro Tuxtepec', 2291599403, 'C2000012AFM');
INSERT INTO cliente (idCliente,Nombre,Direccion,Telefono,Dni) 
	VALUES ('14','Lizbeth Mora Vazquez','Av. Independencia no. 1282-a	Col.Centro Tuxtepec', 2291599404, 'C2000013LMV');
INSERT INTO cliente (idCliente,Nombre,Direccion,Telefono,Dni) 
	VALUES ('15','Ezequiel Ponce Mora','Calle Matamoros no. 127	Col. Centro Tuxtepec', 2291599405, 'C2000014EPM');
INSERT INTO cliente (idCliente,Nombre,Direccion,Telefono,Dni) 
	VALUES ('16','Hector Trujillo Varela','Av. Independencia no.1010 Col.Centro Tuxtepec.', 2291599406, 'C2000015HTV');
INSERT INTO cliente (idCliente,Nombre,Direccion,Telefono,Dni) 
	VALUES ('17','Samantha Vela Ramirez','Av. 5 de Mayo no. 1652 La Piragua', 2291599407, 'C2000016SVR');
INSERT INTO cliente (idCliente,Nombre,Direccion,Telefono,Dni) 
	VALUES ('18','Nadia Garcia Casas','Av. 5 de Mayo no. 1108 Col. Centro Tuxtepec', 2291599408, 'C2000017NGC');
INSERT INTO cliente (idCliente,Nombre,Direccion,Telefono,Dni) 
	VALUES ('19','Beatriz Tadeo Pavon','Av. Independencia no. 748 Col. Centro Tuxtepec', 2291599409, 'C2000018BTP');
INSERT INTO cliente (idCliente,Nombre,Direccion,Telefono,Dni) 
	VALUES ('20','Jesica Moran Diaz','Av. Independencia no. 985-a Col. Centro tuxtepec', 2291599410, 'C2000019JMD');
INSERT INTO cliente (idCliente,Nombre,Direccion,Telefono,Dni) 
	VALUES ('21','Andres Hernandez Huerta','Av. Independencia no. 985-a, Centro, Veracruz', 2291599411, 'C2000020AHH');
INSERT INTO cliente (idCliente,Nombre,Direccion,Telefono,Dni) 
	VALUES ('22','Abelardo Rodriguez Leon','Km. 2 Carretera Tuxtepec- Valle Nacional, Conjunto Habitacional de Cervecera',2291599412 , 'C2000021ARL');
INSERT INTO cliente (idCliente,Nombre,Direccion,Telefono,Dni) 
	VALUES ('23','Alexis Montalvo Lopez','Av. 20 de Noviembre no 1518, Centro, Veracruz', 2291599413, 'C2000022AML');
INSERT INTO cliente (idCliente,Nombre,Direccion,Telefono,Dni) 
	VALUES ('24','Ayabe Vega Aguilera','Arteaga no 632 a, Lazaro Cardenas Tuxtepec', 2291599414, 'C2000023AVA');
INSERT INTO cliente (idCliente,Nombre,Direccion,Telefono,Dni) 
	VALUES ('25','Javier Del Rio Cordoba','Av. Independencia n. 1282-a	Centro, Veracruz ',2291599415 , 'C2000024JRC');
INSERT INTO cliente (idCliente,Nombre,Direccion,Telefono,Dni) 
	VALUES ('26','Cesar Reyes Gomez','Arteaga no 729, Lazaro Cardenas Tuxtepec', 2291599416, 'C2000025CRG');
INSERT INTO cliente (idCliente,Nombre,Direccion,Telefono,Dni) 
	VALUES ('27','Alan Ruiz Basurto','Av. 20 de Noviembre no 1137, Centro Tuxtepec', 2291599417, 'C2000026ARB');
INSERT INTO cliente (idCliente,Nombre,Direccion,Telefono,Dni) 
	VALUES ('28','Isaias Corro Tenorio','Matamoros no 350,Centro Tuxtepec', 2291599418, 'C2000027ICT');
INSERT INTO cliente (idCliente,Nombre,Direccion,Telefono,Dni) 
	VALUES ('29','Angel Martinez Prieto','Independencia no 1231 a, La Piragua Tuxtepec', 2291599419, 'C2000028AMP');
INSERT INTO cliente (idCliente,Nombre,Direccion,Telefono,Dni) 
	VALUES ('30','Brayan Arroyo Sosa','Aldama no 1212, Lazaro Cardenas Tuxtepec', 2291599420, 'C2000029BAS');
INSERT INTO cliente (idCliente,Nombre,Direccion,Telefono,Dni) 
	VALUES ('31','Vanessa Vizarretea Lara','Calle Matamoros no. 236	Col. Centro, Veracruz',2291599421, 'C2000030VVL');
INSERT INTO cliente (idCliente,Nombre,Direccion,Telefono,Dni) 
	VALUES ('32','Pahola Paredes Aquino','Av. Independencia 1019, Centro, Veracruz',2291599421, 'C2000031PPA');
INSERT INTO cliente (idCliente,Nombre,Direccion,Telefono,Dni) 
	VALUES ('33','Yarelin Gomez Hermida','Av. 5 de Mayo no. 1690, La Piragua',2291599422, 'C2000032YGH');
INSERT INTO cliente (idCliente,Nombre,Direccion,Telefono,Dni) 
	VALUES ('34','Omar Bonilla Aguilar','Av. Independencia no.309, Col.Centro, Veracruz',2291599423, 'C2000033OBA');
INSERT INTO cliente (idCliente,Nombre,Direccion,Telefono,Dni) 
	VALUES ('35','America Ramirez Sanchez','Aldama 50	Centro, Veracruz',2291599424, 'C2000034ARS');
INSERT INTO cliente (idCliente,Nombre,Direccion,Telefono,Dni) 
	VALUES ('36','Francisco Garcia Lopez','Calle Matamoros no. 40, Col.Centro Tuxtepec',2291599425, 'C2000035FGL');
INSERT INTO cliente (idCliente,Nombre,Direccion,Telefono,Dni) 
	VALUES ('37','Anibal Davila Tellez','Matamoros 123	Centro, Veracuz',2291599426, 'C2000036ADT');
INSERT INTO cliente (idCliente,Nombre,Direccion,Telefono,Dni) 
	VALUES ('38','Vinicio Paredes Cortes','Calle Matamoros no. 123,Col. Centro Tuxtepec',2291599427, 'C2000037VPC');
INSERT INTO cliente (idCliente,Nombre,Direccion,Telefono,Dni) 
	VALUES ('39','Diana Baeza Dominguez','Av. Independencia no.864	Col. Centro',2291599428, 'C2000038DBD');
INSERT INTO cliente (idCliente,Nombre,Direccion,Telefono,Dni) 
	VALUES ('40','Valeria Diaz Montero','Av. 5 de Mayo no.1987	Col. La Piragua',2291599429, 'C2000039VDM');

#Inserccion propiedad
INSERT INTO propiedad(idPropiedad,Direccion,Tipo,Tamaño,Precio,PrecioAlquiler,idEmpleado)
	VALUES('1','Calle Ignacio Rayon no.934, Col.Lazaro Cardenas','Bodega','6900m^2','1405450.00','14000.00','1');

INSERT INTO propiedad(idPropiedad,Direccion,Tipo,Tamaño,Precio,PrecioAlquiler,idEmpleado)
	VALUES('2','Av. 20 de Nov. no. 881 esq. Aldama, Col.Centro Tuxtepec.','Apartamento','614m^2','700000.00','8000.00','2');

INSERT INTO propiedad(idPropiedad,Direccion,Tipo,Tamaño,Precio,PrecioAlquiler,idEmpleado)
	VALUES('3','Av. 20 de Noviembre no. 1178, Col.Centro','Apartamento','630m^2','1800000.00','14000.000','3');

INSERT INTO propiedad(idPropiedad,Direccion,Tipo,Tamaño,Precio,PrecioAlquiler,idEmpleado)
	VALUES('4','Av. 5 de Mayo no. 1226, Col.Centro Tuxtepec','Apartamento','480m^2','1600000.00','18000.00','4');

INSERT INTO propiedad(idPropiedad,Direccion,Tipo,Tamaño,Precio,PrecioAlquiler,idEmpleado)
	VALUES('5','Av. Independencia s/n ext. del Mercado Central esq. Benito Juarez, Centro Tuxtepec','Casa','2000m^2','2500000.00','15000.00','5');

INSERT INTO propiedad(idPropiedad,Direccion,Tipo,Tamaño,Precio,PrecioAlquiler,idEmpleado)
	VALUES('6','Matamoros no 85 esq. 20 de Noviembre, Centro Tuxtepec','Casa','23500m^2','19000000.00','45000.00','6');

INSERT INTO propiedad(idPropiedad,Direccion,Tipo,Tamaño,Precio,PrecioAlquiler,idEmpleado)
	VALUES('7','Av. 20 de Noviembre no 1320	Centro Tuxtepec','Casa','300m^2','1100000.00','9000.00','7');

INSERT INTO propiedad(idPropiedad,Direccion,Tipo,Tamaño,Precio,PrecioAlquiler,idEmpleado)
	VALUES('8','Calle Ocampo no. 254, Col.Centro Tuxtepec','Apartamento','700m^2','1700000.00','10000.00','8');

INSERT INTO propiedad(idPropiedad,Direccion,Tipo,Tamaño,Precio,PrecioAlquiler,idEmpleado)
	VALUES('9','Av.Independencia no. 678, Col. Centro','Residencia','9000m^2','9000000.00','14000.00','9');

INSERT INTO propiedad(idPropiedad,Direccion,Tipo,Tamaño,Precio,PrecioAlquiler,idEmpleado)
	VALUES('10','av. Independencia n0.677, Col. La Piragua Tuxtepec','Bodega','3700m^2','3700000.00','18000.00','10');

INSERT INTO propiedad(idPropiedad,Direccion,Tipo,Tamaño,Precio,PrecioAlquiler,idEmpleado)
	VALUES('11','Calle Morelos no. 72-b, Col. Centro Tuxtepec','Bodega','5000m^2','5000000.00','25000.00','11');

INSERT INTO propiedad(idPropiedad,Direccion,Tipo,Tamaño,Precio,PrecioAlquiler,idEmpleado)
	VALUES('12','Calle Aldama no.50, Col.Centro Tuxtepec','Residencia','9590m^2','9590000.00','24000.00','1');

INSERT INTO propiedad(idPropiedad,Direccion,Tipo,Tamaño,Precio,PrecioAlquiler,idEmpleado)
	VALUES('13','Calle Ignacio Matias no.6, Col.Ma. Luisa','Casa','780m^2','7800000.00','20000.00','2');

INSERT INTO propiedad(idPropiedad,Direccion,Tipo,Tamaño,Precio,PrecioAlquiler,idEmpleado)
	VALUES('14','Av. Independencia no. 670, Col. Centro','Residencia','6790m^2','6790000.00','19000.00','3');

INSERT INTO propiedad(idPropiedad,Direccion,Tipo,Tamaño,Precio,PrecioAlquiler,idEmpleado)
	VALUES('15','Prol.5 de Mayo no.786, Col.5 de Mayo Tuxtepec','Bodega','1700m^2','1700000.00','10000.00','4');

INSERT INTO propiedad(idPropiedad,Direccion,Tipo,Tamaño,Precio,PrecioAlquiler,idEmpleado)
	VALUES('16','Av. Libertad no. 495, Col.Centro Tuxtepec','Apartamento','2402m^2','2402000.00','12000.00','5');

INSERT INTO propiedad(idPropiedad,Direccion,Tipo,Tamaño,Precio,PrecioAlquiler,idEmpleado)
	VALUES('17','Av. 5 no. 1186 a, Fracc. Costa verde','Casa','7600m^2','7600000.00','25000.00','6');

INSERT INTO propiedad(idPropiedad,Direccion,Tipo,Tamaño,Precio,PrecioAlquiler,idEmpleado)
	VALUES('18','Av. 5 no.1186-b, Fracc. Costa Verde','Casa','5803m^2','5803000.00','18000.00','7');

INSERT INTO propiedad(idPropiedad,Direccion,Tipo,Tamaño,Precio,PrecioAlquiler,idEmpleado)
	VALUES('19','Av. 20 de Noviembre esq. Juarez, Col. Centro Tuxtepec.','Apartamento','2492m^2','2492000.00','13000.00','8');

INSERT INTO propiedad(idPropiedad,Direccion,Tipo,Tamaño,Precio,PrecioAlquiler,idEmpleado)
	VALUES('20','Av. Independencia n0.670, Col. Centro Tuxtepec','Casa','180m^2','800000.00','8000.00','9');

INSERT INTO propiedad(idPropiedad,Direccion,Tipo,Tamaño,Precio,PrecioAlquiler,idEmpleado)
	VALUES('21','Calle Benito Juarez no.495, Col.Lazaro Cardenas.','Apartamento','150m^2','750000.00','14000.00','10');

INSERT INTO propiedad(idPropiedad,Direccion,Tipo,Tamaño,Precio,PrecioAlquiler,idEmpleado)
	VALUES('22','Av. Independencia 918, Centro, Veracruz','Casa','3500m^2','3500000.00','10000.00','11');

INSERT INTO propiedad(idPropiedad,Direccion,Tipo,Tamaño,Precio,PrecioAlquiler,idEmpleado)
	VALUES('23','Av Independencia 565-a, Centro, Veracruz','Apartamento','150m^2','650000.00','7000.00','1');

INSERT INTO propiedad(idPropiedad,Direccion,Tipo,Tamaño,Precio,PrecioAlquiler,idEmpleado)
	VALUES('24','Calle Matamoros no. 325, Col.Centro Tuxtepec.Oax.','Casa','18000m^2','18000000.00','30000.00','2');

INSERT INTO propiedad(idPropiedad,Direccion,Tipo,Tamaño,Precio,PrecioAlquiler,idEmpleado)
	VALUES('25','Calle Riva Palacios no. 465, Col. la Piragua Tuxtepec','Apartamento','35000m^2','35000000.00','50000.00','3');

INSERT INTO propiedad(idPropiedad,Direccion,Tipo,Tamaño,Precio,PrecioAlquiler,idEmpleado)
	VALUES('26','Av. 20 de Noviembre no. 1291, Col. Centro Tuxtepec','Casa','4500m^2','4500000.00','15000.00','4');

INSERT INTO propiedad(idPropiedad,Direccion,Tipo,Tamaño,Precio,PrecioAlquiler,idEmpleado)
	VALUES('27','5 de Mayo 1038, Centro, Veracruz','Apartamento','350m^2','800000.00','9000.00','5');

INSERT INTO propiedad(idPropiedad,Direccion,Tipo,Tamaño,Precio,PrecioAlquiler,idEmpleado)
	VALUES('28','Independencia 748, Centro, Veracruz','Casa','3500m^2','3500000.00','10000.00','6');

INSERT INTO propiedad(idPropiedad,Direccion,Tipo,Tamaño,Precio,PrecioAlquiler,idEmpleado)
	VALUES('29','Av. 20 de Noviembre no. 963, Col. Centro Tuxtepec','Apartamento','230m^2','750000.00','15000.00','7');

INSERT INTO propiedad(idPropiedad,Direccion,Tipo,Tamaño,Precio,PrecioAlquiler,idEmpleado)
	VALUES('30','Av. Independencia no. 748, Col. Centro Tuxtepec','Casa','14500m^2','14500000.00','45000.00','8');
    
#INSERCCION DE VENTAS 
INSERT INTO venta(idVenta,Comprador,Telefono,DireccionComprador,idEmpleado,FechaVenta,idPropiedad,PrecioInicial,PrecioFinal) 
VALUES('1','Andres Hernandez Huerta','2291599411','Av. Independencia no. 985-a, Centro, Veracruz','10','2020-05-15','1','1405450.00','1200000.00');
INSERT INTO venta(idVenta,Comprador,Telefono,DireccionComprador,idEmpleado,FechaVenta,idPropiedad,PrecioInicial,PrecioFinal) 
VALUES('2','Jesica Moran Diaz','2291599410','Av. Independencia no. 985-a Col. Centro tuxtepec','9','2020-05-14','2','700000.00','600000.00');
INSERT INTO venta(idVenta,Comprador,Telefono,DireccionComprador,idEmpleado,FechaVenta,idPropiedad,PrecioInicial,PrecioFinal) 
VALUES('3','Beatriz Tadeo Pavon','2291599409','Av. Independencia no. 748 Col. Centro Tuxtepec','8','2020-05-13','3','1800000.00','1600000.00');
INSERT INTO venta(idVenta,Comprador,Telefono,DireccionComprador,idEmpleado,FechaVenta,idPropiedad,PrecioInicial,PrecioFinal) 
VALUES('4','Nadia Garcia Casas','2291599408','Av. 5 de Mayo no. 1108 Col. Centro Tuxtepec','7','2020-05-12','4','1600000.00','1500000.00');
INSERT INTO venta(idVenta,Comprador,Telefono,DireccionComprador,idEmpleado,FechaVenta,idPropiedad,PrecioInicial,PrecioFinal) 
VALUES('5','Samantha Vela Ramirez','2291599407','Av. 5 de Mayo no. 1652 La Piragua','6','2020-05-11','5','2500000.00','2300000.00');
INSERT INTO venta(idVenta,Comprador,Telefono,DireccionComprador,idEmpleado,FechaVenta,idPropiedad,PrecioInicial,PrecioFinal) 
VALUES('6','Ezequiel Ponce Mora','2291599405','Calle Matamoros no. 127	Col. Centro Tuxtepec','5','2020-05-10','6','19000000.00','17000000.00');
INSERT INTO venta(idVenta,Comprador,Telefono,DireccionComprador,idEmpleado,FechaVenta,idPropiedad,PrecioInicial,PrecioFinal) 
VALUES('7','Hector Trujillo Varela','2291599406','Av. Independencia no.1010 Col.Centro Tuxtepec','4','2020-05-09','7','1100000.00','900000.00');
INSERT INTO venta(idVenta,Comprador,Telefono,DireccionComprador,idEmpleado,FechaVenta,idPropiedad,PrecioInicial,PrecioFinal) 
VALUES('8','Lizbeth Mora Vazquez','2291599404','Av. Independencia no. 1282-a, Col.Centro Tuxtepec','3','2020-05-08','8','1700000.00','1500000.00');
INSERT INTO venta(idVenta,Comprador,Telefono,DireccionComprador,idEmpleado,FechaVenta,idPropiedad,PrecioInicial,PrecioFinal) 
VALUES('9','Araceli Flores Mafara','2291599403','Av. Independencia no. 545, Col. Centro Tuxtepec','2','2020-05-07','9','9000000.00','7000000.00');
INSERT INTO venta(idVenta,Comprador,Telefono,DireccionComprador,idEmpleado,FechaVenta,idPropiedad,PrecioInicial,PrecioFinal) 
VALUES('10','Marcos Fernandez Ameca','2291599411','Blvd. Benito Juarez no. 1466-a Fracc. los Angeles Tuxtepec','1','2020-05-06','10','3700000.00','3500000.00');    

#INSERCCION DE ALQUILER
insert into alquiler(idAlquiler,DniTitular,Direccion,Telefono,FechaContrato,PrecioAlquiler,idPropiedad,FechaCobro,FechaPago)
values('1','C2000000AJP','Calle Agustin Lara no. 69-b Col. Ex-normal Tuxtepec','2291599400','2020-04-01','25000.00','11','2020-05-01','2020-05-02');
insert into alquiler(idAlquiler,DniTitular,Direccion,Telefono,FechaContrato,PrecioAlquiler,idPropiedad,FechaCobro,FechaPago)
values('2','C2000001JOM','Av. Independencia no. 241	Col. Centro Tuxtepec','2291599401','2020-04-02','24000.00','12','2020-05-02','2020-02-03');
insert into alquiler(idAlquiler,DniTitular,Direccion,Telefono,FechaContrato,PrecioAlquiler,idPropiedad,FechaCobro,FechaPago)
values('3','C2000002RTA','Av. Independencia no. 779 Col. Centro Tuxtepec','2291599402','2020-04-03','20000.00','13','2020-05-03','2020-05-04');
insert into alquiler(idAlquiler,DniTitular,Direccion,Telefono,FechaContrato,PrecioAlquiler,idPropiedad,FechaCobro,FechaPago)
values('4','C2000003RTM','Av. 20 de Noviembre no.1024, Col.Centro','2291599403','2020-04-04','19000.00','14','2020-05-04','2020-05-05');
insert into alquiler(idAlquiler,DniTitular,Direccion,Telefono,FechaContrato,PrecioAlquiler,idPropiedad,FechaCobro,FechaPago)
values('5','C2000004ATG','Carretera a Loma Alta s/n. Lomas del Pedregal Tuxtepec','2291599404','2020-04-05','10000.00','15','2020-05-05','2020-05-06');
insert into alquiler(idAlquiler,DniTitular,Direccion,Telefono,FechaContrato,PrecioAlquiler,idPropiedad,FechaCobro,FechaPago)
values('6','C2000005DTG','Av. 20 de Noviembre no. 1060	Col. Centro Tuxtepec','2291599405','2020-04-06','12000.00','16','2020-05-06','2020-05-07');
insert into alquiler(idAlquiler,DniTitular,Direccion,Telefono,FechaContrato,PrecioAlquiler,idPropiedad,FechaCobro,FechaPago)
values('7','C2000006RTM','Calle Zaragoza no. 1010	Col. la piragua Tuxtepec','2291599406','2020-04-07','25000.00','17','2020-05-07','2020-05-08');
insert into alquiler(idAlquiler,DniTitular,Direccion,Telefono,FechaContrato,PrecioAlquiler,idPropiedad,FechaCobro,FechaPago)
values('8','C2000007SMS','Calle Matamoros no. 310	Col. Centro Tuxtepec','2291599407','2020-04-08','18000.00','18','2020-05-08','2020-05-09');
insert into alquiler(idAlquiler,DniTitular,Direccion,Telefono,FechaContrato,PrecioAlquiler,idPropiedad,FechaCobro,FechaPago)
values('9','C2000008TAC','Av. 20 de Noviembre no.859-b	Col. Centro','2291599408','2020-04-09','13000.00','19','2020-05-09','2020-05-10');
insert into alquiler(idAlquiler,DniTitular,Direccion,Telefono,FechaContrato,PrecioAlquiler,idPropiedad,FechaCobro,FechaPago)
values('10','C2000009BCD','Av. 20 de Noviembre no 1053	Col. Centro Tuxtepec','2291599409','2020-04-10','8000.00','20','2020-05-10','2020-05-11');
insert into alquiler(idAlquiler,DniTitular,Direccion,Telefono,FechaContrato,PrecioAlquiler,idPropiedad,FechaCobro,FechaPago)
values('11','C2000010MAC','Calle Matamoros NO. 310 Col. Centro Tuxtepe','2291599410','2020-04-11','14000.00','21','2020-05-11','2020-05-12');
insert into alquiler(idAlquiler,DniTitular,Direccion,Telefono,FechaContrato,PrecioAlquiler,idPropiedad,FechaCobro,FechaPago)
values('12','C2000011MFA','Blvd. Benito Juarez no. 1466-a Fracc. los Angeles Tuxtepec','2291599411','2020-04-12','10000.00','22','2020-05-12','2020-05-13');
insert into alquiler(idAlquiler,DniTitular,Direccion,Telefono,FechaContrato,PrecioAlquiler,idPropiedad,FechaCobro,FechaPago)
values('13','C2000029BAS','Aldama no 1212, Lazaro Cardenas Tuxtepec','2291599420','2020-04-13','7000.00','23','2020-05-13','2020-05-14');
insert into alquiler(idAlquiler,DniTitular,Direccion,Telefono,FechaContrato,PrecioAlquiler,idPropiedad,FechaCobro,FechaPago)
values('14','C2000028AMP','Independencia no 1231 a, La Piragua Tuxtepec','2291599419','2020-04-14','30000.00','24','2020-05-14','2020-05-15');
insert into alquiler(idAlquiler,DniTitular,Direccion,Telefono,FechaContrato,PrecioAlquiler,idPropiedad,FechaCobro,FechaPago)
values('15','C2000027ICT','Matamoros no 350,Centro Tuxtepec','2291599418','2020-04-15','50000.00','25','2020-05-15','2020-05-16');
insert into alquiler(idAlquiler,DniTitular,Direccion,Telefono,FechaContrato,PrecioAlquiler,idPropiedad,FechaCobro,FechaPago)
values('16','C2000026ARB','Av. 20 de Noviembre no 1137, Centro Tuxtepec','2291599417','2020-04-16','15000.00','26','2020-05-16','2020-05-17');
insert into alquiler(idAlquiler,DniTitular,Direccion,Telefono,FechaContrato,PrecioAlquiler,idPropiedad,FechaCobro,FechaPago)
values('17','C2000025CRG','Arteaga no 729, Lazaro Cardenas Tuxtepec','2291599416','2020-04-17','9000.00','27','2020-05-17','2020-05-18');
insert into alquiler(idAlquiler,DniTitular,Direccion,Telefono,FechaContrato,PrecioAlquiler,idPropiedad,FechaCobro,FechaPago)
values('18','C2000024JRC','Av. Independencia n. 1282-a	Centro, Veracruz','2291599415','2020-04-18','10000.00','28','2020-05-18','2020-05-19');
insert into alquiler(idAlquiler,DniTitular,Direccion,Telefono,FechaContrato,PrecioAlquiler,idPropiedad,FechaCobro,FechaPago)
values('19','C2000023AVA','Arteaga no 632 a, Lazaro Cardenas Tuxtepec','2291599414','2020-04-19','15000.00','29','2020-05-19','2020-05-20');
insert into alquiler(idAlquiler,DniTitular,Direccion,Telefono,FechaContrato,PrecioAlquiler,idPropiedad,FechaCobro,FechaPago)
values('20','C2000022AML','Av. 20 de Noviembre no 1518, Centro, Veracruz','2291599413','2020-04-20','45000.00','30','2020-05-20','2020-05-21');

#Inserccion Dueños de Propiedades 
INSERT INTO dueñospropiedad(idPropiedad,DniDueño) VALUES('11','C2000030VVL');
INSERT INTO dueñospropiedad(idPropiedad,DniDueño) VALUES('12','C2000031PPA');
INSERT INTO dueñospropiedad(idPropiedad,DniDueño) VALUES('13','C2000032YGH');
INSERT INTO dueñospropiedad(idPropiedad,DniDueño) VALUES('14','C2000033OBA');
INSERT INTO dueñospropiedad(idPropiedad,DniDueño) VALUES('15','C2000034ARS');
INSERT INTO dueñospropiedad(idPropiedad,DniDueño) VALUES('16','C2000035FGL');
INSERT INTO dueñospropiedad(idPropiedad,DniDueño) VALUES('17','C2000036ADT');
INSERT INTO dueñospropiedad(idPropiedad,DniDueño) VALUES('18','C2000037VPC');
INSERT INTO dueñospropiedad(idPropiedad,DniDueño) VALUES('19','C2000038DBD');
INSERT INTO dueñospropiedad(idPropiedad,DniDueño) VALUES('20','C2000039VDM');
INSERT INTO dueñospropiedad(idPropiedad,DniDueño) VALUES('21','C2000030VVL');
INSERT INTO dueñospropiedad(idPropiedad,DniDueño) VALUES('22','C2000031PPA');
INSERT INTO dueñospropiedad(idPropiedad,DniDueño) VALUES('23','C2000032YGH');
INSERT INTO dueñospropiedad(idPropiedad,DniDueño) VALUES('24','C2000033OBA');
INSERT INTO dueñospropiedad(idPropiedad,DniDueño) VALUES('25','C2000034ARS');
INSERT INTO dueñospropiedad(idPropiedad,DniDueño) VALUES('26','C2000035FGL');
INSERT INTO dueñospropiedad(idPropiedad,DniDueño) VALUES('27','C2000036ADT');
INSERT INTO dueñospropiedad(idPropiedad,DniDueño) VALUES('28','C2000037VPC');
INSERT INTO dueñospropiedad(idPropiedad,DniDueño) VALUES('29','C2000038DBD');
INSERT INTO dueñospropiedad(idPropiedad,DniDueño) VALUES('30','C2000039VDM');

#Inserccion de Visitas
INSERT INTO visita(idVisita,idEmpleado,NombreCliente,Comentario,FechaVisita) 
values('1','11','Erika Reyes Cruz','Estan muy bonitas, amplias y con muy buen precio','2020-05-02');
INSERT INTO visita(idVisita,idEmpleado,NombreCliente,Comentario,FechaVisita) 
values('2','10','Alexis Ayala Torres','El fisico de la casa es muy elegante','2020-05-03');
INSERT INTO visita(idVisita,idEmpleado,NombreCliente,Comentario,FechaVisita) 
values('3','8','Felicia Duran Mejia','La estructura de la casa es muy amplia','2020-05-04');
INSERT INTO visita(idVisita,idEmpleado,NombreCliente,Comentario,FechaVisita) 
values('4','7','David Morales Sanchez','Los inmubles tienen muy buena ubicacion','2020-05-05');
INSERT INTO visita(idVisita,idEmpleado,NombreCliente,Comentario,FechaVisita) 
values('5','6','Daniel Lopez Zamora','Los precios de los inmuebles son muy accesibles','2020-05-06');
INSERT INTO visita(idVisita,idEmpleado,NombreCliente,Comentario,FechaVisita) 
values('6','5','Vanessa Parra Isabel','Tienen una excelente vista','2020-05-07');
INSERT INTO visita(idVisita,idEmpleado,NombreCliente,Comentario,FechaVisita) 
values('7','4','Luis Montalvo Lopez','Estan ubicados en una zona muy segura','2020-05-08');
INSERT INTO visita(idVisita,idEmpleado,NombreCliente,Comentario,FechaVisita) 
values('8','3','Nayely Perez Leyva','Los vecinos son muy amigables','2020-05-09');
INSERT INTO visita(idVisita,idEmpleado,NombreCliente,Comentario,FechaVisita) 
values('9','2','Paulina Ruiz Pacheco','Los precios de los inmuebles son muy accesibles','2020-05-10');
INSERT INTO visita(idVisita,idEmpleado,NombreCliente,Comentario,FechaVisita) 
values('10','1','Rafael Martinez Hernandez','Tienen una excelente vista','2020-05-11');